Date,AMZN,MSFT,GOOG,ECH,BLDP
2020-04-13,,,,,
2020-04-14,0.05276938912335094,0.04948358307075207,0.04243726747629806,0.009091031567844743,0.10577974470648366
2020-04-15,0.01066861524094298,-0.010477779817492094,-0.005326071610070593,-0.021294061318607116,-0.06706117180987725
2020-04-16,0.04355457114634098,0.030020934072814143,0.0007920980484337203,-0.009623485742583648,0.058139554811523775
2020-04-17,-0.013782111134833852,0.008811483287857858,0.015655322053968135,0.008872010721988621,0.018980976627262836
2020-04-20,0.00783583470394733,-0.019820743502141247,-0.012967087199249994,-0.0188442282252288,-0.010784280268057334
2020-04-21,-0.027360341615917272,-0.04135721308384599,-0.039688633527783956,-0.029449417652444687,-0.0327056411016422
2020-04-22,0.015192460554657172,0.033965008476205316,0.038533630756412585,0.009234940200664843,0.05122950699533768
2020-04-23,0.015214771835752039,-0.012102499146103174,0.01037048318280176,0.012636061747353322,-0.019493158362914875
2020-04-24,0.004488536852369052,0.01825929680893812,0.0023505260181881926,-0.011617939770484087,0.002982080687858879
2020-04-27,-0.014197862070299827,-0.002864395637892647,-0.0026811746596504538,0.03482805087125018,0.01783947497063365
2020-04-28,-0.026060573179713775,-0.024361011917170883,-0.0330830178198277,0.049221762073624165,-0.00584229960489846
2020-04-29,0.02533615122775057,0.04487374475004091,0.08738960393222994,0.029671122490130708,0.026444613426109154
2020-04-30,0.042689599963780855,0.010032167430032546,0.005352337578998778,-0.01985975776806337,-0.030534323358943016
2020-05-01,-0.07597411517279706,-0.025891256790846917,-0.02079845781534284,-0.02065955562492927,-0.08070863259245853
2020-05-04,0.013101236487597756,0.024459799582073227,0.004687275990052919,0.0016228684618069256,0.053533189703584894
2020-05-05,0.0007815485392348442,0.010735952040902275,0.018322230651791838,0.010935471482995895,0.02235775036761045
2020-05-06,0.014436086043926544,0.00984735262347769,-0.0028198566843143924,0.0008013973807161623,0.014910498237930447
2020-05-07,0.006953759936520143,0.005806972436077418,0.018748614896582305,0.01801433447026124,-0.02938297645582677
2020-05-08,0.005068402082920143,0.0058822050749010035,0.011518575398176356,-0.005112041915550591,0.0
2020-05-11,0.012350717660199573,0.01115449489113085,0.010724817376351226,-0.02924908617880906,-0.035317803550401594
2020-05-12,-0.021606495985107887,-0.022651712425688753,-0.019611489916146363,-0.013029271088187966,0.003138047244185538
2020-05-13,0.004654307868383389,-0.015122627252844856,-0.019196966263362203,-0.03217828000993794,-0.029197051982906674
2020-05-14,0.008839055572739563,0.0043396215975837205,0.005039574492222476,0.012787816555382303,0.009666938223111154
2020-05-15,0.008761509004336254,0.014568111771432912,0.012579868052482013,-0.02483164071477384,0.02021282359236154
2020-05-18,0.006838790374388948,0.009554576759178035,0.00782848728777541,0.05912823723297822,0.029197051982906563
2020-05-19,0.009508489719370017,-0.006922432419031788,-0.0075544868255366104,-0.006927500638386874,-0.02431608651478412
2020-05-20,0.019846187214775712,0.013870627855988138,0.0241975600068578,0.02133766627810174,0.01765317489861884
2020-05-21,-0.020496870370330544,-0.01201113399277376,-0.0027865687248619375,-0.004419463566344373,-0.009183688860840866
2020-05-22,-0.004029895886456858,0.0004360879414164742,0.005431989486707645,-0.010492352896297241,0.0072090313644919135
2020-05-26,-0.0061635271793906155,-0.010571494003153492,0.0046794397273848265,0.0016313052725187571,0.10531704649981521
2020-05-27,-0.004736117832982667,0.0013218362257889638,0.0005786412878865388,-0.01058634015884563,-0.024051824124818544
2020-05-28,-0.0038540631747915333,-0.0022551843499633017,-0.0007828706894436044,-0.011522604852961638,-0.015165862039758338
2020-05-29,0.01718796295561953,0.010198304929676105,0.008604366142184183,-0.005412124514547423,0.03849851831692552
2020-06-01,0.011738565614295426,-0.0022918376433190835,0.0020294363957154005,0.033905514969910344,0.08433733555415412
2020-06-02,0.000554371044264812,0.011376767059577686,0.005168264650343479,0.03481767300561289,-0.028205122144081662
2020-06-03,0.0024227334654489674,0.002433507618224695,-0.0019732673796383216,0.026212794510367177,0.008795108397207319
2020-06-04,-0.007181974414487091,-0.013163531190789723,-0.016847875276465807,0.011818627201510612,0.04184825902891354
2020-06-05,0.009103430648924382,0.023398209663702207,0.018559928578955054,0.05877915847016579,0.012552349338808444
2020-06-08,0.016536471443314493,0.006196510745924755,0.0057147022847860995,0.019217001295187996,0.034710749012631936
2020-06-09,0.0304271875649873,0.007645038918724811,0.0066016748984378815,-0.010125545306347017,-0.00798725062407779
2020-06-10,0.017913244782774118,0.0370917029783322,0.006654448123010637,-0.014462099778644544,0.17391303012428327
2020-06-11,-0.03380233503366625,-0.05369844865952467,-0.0423031079567594,-0.06513956086901485,-0.17489713333871437
2020-06-12,-0.00505869583725127,0.007891794678233977,0.006653242618838817,0.02143937470590429,0.11305075981208423
2020-06-15,0.010868249324997192,0.006391642891426796,0.004719796219515793,-0.009704182450066323,0.03659445545589657
2020-06-16,0.016554755749762062,0.024505293402219852,0.016107332119895013,0.012731438095657133,0.023775210445619477
2020-06-17,0.00983070992497681,0.0034611771364572164,0.0058223526288117,-0.004190487634452067,-0.039408896418956285
2020-06-18,0.0049224152004714306,0.010708476104239084,-0.010447126516551997,-0.02410100477159538,0.02564105430410346
2020-06-19,0.0079239592806426,-0.0059596442526042015,-0.002952721767817801,0.0011760699958001108,-0.04000002997262142
2020-06-22,0.014508378829262814,0.027773492014650625,0.014067006859271869,0.0027407560034820033,0.020833385073477872
2020-06-23,0.01864156151685603,0.006680992405473374,0.008644117858986222,0.001952331993996692,0.03206993963700455
2020-06-24,-0.010855846534975733,-0.020157548844516482,-0.022152308929468845,0.0027280173449157896,-0.036016965704631976
2020-06-25,0.00738011135970007,0.01263636267507584,0.006536439690119078,0.016711983864377666,0.030769237218423173
2020-06-26,-0.022402674522900456,-0.020015944873774116,-0.05649638467483242,-0.024082502315765697,-0.029850752338569486
2020-06-29,-0.004638260974890618,0.01074736763923445,0.02578862097173129,0.019193043095111717,0.13772894996192986
2020-06-30,0.02926457777491165,0.025549121347276715,0.013362305311161782,-0.03151411667011861,-0.008370902554809434
2020-07-01,0.043453316940597286,0.005847393929988787,0.017282032501250155,0.02658720490813682,0.046103961649906156
2020-07-02,0.004029630685034702,0.007621018328113349,0.0185390610728442,0.05488991325702597,0.07759155509881266
2020-07-06,0.05768950884596902,0.021526149290291396,0.02116474433906923,0.030047682928977748,0.14804145187021245
2020-07-07,-0.01861929223944858,-0.011627919804619302,-0.007033427695638528,-0.003557468673293429,-0.019568458789594456
2020-07-08,0.026995582533642093,0.0219929100496028,0.007285275789980616,-0.003927251019804734,0.026612002356756648
2020-07-09,0.032949090376900525,0.007000867973075087,0.010020046948111538,-0.04480289064211285,0.03489535301972002
2020-07-10,0.00545778737304814,-0.0030328733362163796,0.020350895901851906,-0.007504649220055004,-0.012524095665476742
2020-07-13,-0.030000000000000027,-0.030888632362773505,-0.019717996942818505,0.02835540175685436,-0.11121954569002479
2020-07-14,-0.006443298969072142,0.006181434070253511,0.006113773501225328,0.02095585116583565,0.06366629479299046
2020-07-15,-0.02436118119730868,-0.001487966518893935,-0.00456400952716518,-0.02412674192712294,0.0670795253201526
2020-07-16,-0.00298125691518214,-0.01980396700560416,0.0028804638549246864,-0.014391216498090054,-0.06963251996167596
2020-07-17,-0.012643732416202091,-0.005099884743258287,-0.0016139335783103004,-0.0101084920506469,0.014553050414575663
2020-07-20,0.0792952391518491,0.04298106827833292,0.03310344116566322,-0.01966716853593886,-0.02715167388403983
2020-07-21,-0.018314975794350152,-0.013468841970035283,-0.00466234505173635,0.019675929429129102,-0.015271143321432201
2020-07-22,-0.01222963030038815,0.01437116022580942,0.006461638072601694,0.016269365329132812,-0.032085580587720375
2020-07-23,-0.03656876054314517,-0.043494720409326226,-0.033669285014401806,0.014519655544349863,-0.09558008319201217
2020-07-24,0.007486853699312235,-0.006122141536096137,-0.002513761782654278,0.0011010480072433104,-0.03420894263331775
2020-07-27,0.015387648743417026,0.01266773644376995,0.012124029257731817,0.015395801225564387,-0.023402962012215367
2020-07-28,-0.017962720570490642,-0.008977254085618336,-0.019513780096970246,0.007220249640447207,-0.026554394984117713
2020-07-29,0.011065432904843187,0.010098024746738155,0.014450094115225243,-0.008243743414414584,-0.009980014716914454
2020-07-30,0.006049010010914069,-0.0007840767938100957,0.0061956685980577575,-0.018431518321630813,-0.022177414056992695
2020-07-31,0.03696084156633739,0.0054437488657115285,-0.031662797858506675,0.0058909986382198465,-0.02268040683024819
2020-08-03,-0.01668100414664453,0.056241140643328746,-0.005738529690474614,-0.005856498016380662,0.07735579515746727
2020-08-04,0.008657178266855636,-0.015008686312895647,-0.006429503057201358,-0.01325487655174118,-0.019582196020663134
2020-08-05,0.021090645088828852,-0.0016410223175983285,0.005897741811247359,-0.013432703175668581,0.009320864539393181
2020-08-06,0.006230821714798829,0.016013877485792305,0.01797625592775498,0.010968211048950405,-0.01649076533748617
2020-08-07,-0.017841872577519347,-0.017887615803720114,-0.0037397409791779523,-0.009352867202651494,-0.010731042860465223
2020-08-10,-0.0060932258232595515,-0.019907801433956762,0.0010772807861429978,-0.01963753774477317,0.004067825058759356
2020-08-11,-0.021437916789034506,-0.02338522807941812,-0.010547443054863215,0.013867584559836388,-0.06684677223109103
2020-08-12,0.026478029268948378,0.028567168263988085,0.01776646250971292,0.009498562161439184,0.041968157490138935
2020-08-13,-0.00038579320573151055,-0.0023424002294620827,0.007851983972751775,-0.00564545247166659,0.025694503405213398
2020-08-14,-0.004112596541520075,0.0009583613631942711,-0.007059811681545236,-0.00454209501181968,-0.02708196071817548
2020-08-17,0.010924292845903016,0.006605968968792064,0.006798299518335105,-0.004182444563544885,0.08141963017478648
2020-08-18,0.04087470870111143,0.00575427384754601,0.026759242967515418,0.012600186247259115,0.02316600113004874
2020-08-19,-0.015701182469669894,-0.006066974486189203,-0.007102493559902001,-0.0011311282754230545,0.003773611387183573
2020-08-20,0.01131432701311863,0.023271468098506,0.022112637593645346,0.0015099801532230117,-0.05639095340721356
2020-08-21,-0.003836435108826919,-0.007270021881459754,-0.0008408130581238904,-0.0056541157903284844,0.07702515680058108
2020-08-24,0.006922961603179623,0.003145113698411084,0.0049226832172672985,0.007960605476668992,0.016646144833148746
2020-08-25,0.011800605225108063,0.01300950211916585,0.012605477991910252,-0.01880399700592239,-0.026682870840803008
2020-08-26,0.02849556033340961,0.021619573405877945,0.027458951501752926,-0.009965425915998138,-0.013084055729283395
2020-08-27,-0.012159186620227302,0.024553574705238113,-0.010923666937863397,-0.00038729642794788077,-0.0012626551496847105
2020-08-28,0.000529426125919219,0.010283310589861427,0.006167713005355235,0.010069791008732842,0.010745896306784575
2020-08-31,0.014451146864528308,-0.01476565362219251,-0.006221064245605423,-0.027990747089953638,0.03814888174378672
2020-09-01,0.013955582445215331,0.007715249060424201,0.016234384434149485,-0.004339341367287308,0.02048193643220797
2020-09-02,0.009239418168462521,0.019272203791862452,0.04068745894751569,0.02456428027132218,-0.08146399474229349
2020-09-03,-0.04628409107642484,-0.06194694399436229,-0.050015079738975676,-0.0077340644923104,-0.10475578859149359
2020-09-04,-0.021787376131977454,-0.014035847801574297,-0.03094085161487181,0.003117722909073972,-0.015075379292629698
2020-09-08,-0.04394437724142486,-0.05409574314183352,-0.03686269545335974,-0.0015539773857370376,0.016763814705532454
2020-09-09,0.0377066823131289,0.04258368720194117,0.016033742098416903,-0.004280167246036193,0.02652328965003581
2020-09-10,-0.028605430726562964,-0.02801846987648482,-0.016018357589126953,-0.034779062347913725,-0.01675976091011433
2020-09-11,-0.0185474313413867,-0.00652476446233341,-0.007375914599068056,0.01659909225533962,-0.019886344779005638
2020-09-14,-0.004251946308209575,0.0067638548555288835,-0.0009468813680300059,0.007964829772793225,0.04565218157488804
2020-09-15,0.01713194539788887,0.016406153927664757,0.014585798326876454,0.009482509492285462,0.05682603447555712
2020-09-16,-0.024723249059292796,-0.017865595755688135,-0.013325149063835084,-0.0074364407563658474,0.023606534864081707
2020-09-17,-0.022536667095498397,-0.010436567468273927,-0.016680909139285105,-0.004337471994943609,0.006406174482326277
2020-09-18,-0.017887968913378516,-0.012419362973394188,-0.023764176155800176,-0.016237609216911086,0.012730732576670789
2020-09-21,0.0018816338768787855,0.01072902571824863,-0.019746680626255064,-0.008051565913844483,0.026398496563295737
2020-09-22,0.056923401081222735,0.02409398728027745,0.023966520821322668,-0.01704551531239762,-0.020208201178678387
2020-09-23,-0.041268870535066005,-0.0329283309436742,-0.03428957551856515,-0.04541696978948995,-0.06499999761581421
2020-09-24,0.006643620344600976,0.012961904147570369,0.009242500043127988,0.027249145598357893,-0.049465225215990394
2020-09-25,0.024948702649999266,0.02278652762835276,0.011671244228477429,-0.005052722235204921,0.00281293678634964
2020-09-28,0.025498175845180215,0.00779511985462622,0.013536747814838712,0.009733494343708848,0.04628329851463553
2020-09-29,-0.009190203546536657,-0.010408685904050419,0.0032843091656589163,-0.015088031008538838,0.012064363555988056
2020-09-30,0.001224243150681703,0.014812356210494704,0.00018377052079920908,0.02510641984202744,0.0
2020-10-01,0.023034693272135476,0.010126948280866355,0.013942562993174645,-0.0029058081592100438,0.0894039965142257
2020-10-02,-0.02988271964194189,-0.029511490543717822,-0.021253697831301932,0.001248939745378097,-0.025531918347394322
2020-10-05,0.023743984375000027,0.02032108486681894,0.01892457231407363,0.004158023112656339,0.09419838828452498
2020-10-06,-0.031020252484694866,-0.02124717218613459,-0.021924387085496377,-0.024016688834926914,-0.008551967961764273
2020-10-07,0.030881037715015935,0.01903751526480235,0.004713024226939977,-0.001272614055612964,0.05577925559218411
2020-10-08,-0.0016083827506316872,0.003574187374087767,0.01755816581814007,0.0076464394679949255,-0.0386710767003452
2020-10-09,0.030120152338911632,0.024836166983153385,0.019711504534846158,0.013490854983655431,0.0662889575966672
2020-10-12,0.04754994719255912,0.0259025150380372,0.035592227368750784,0.005407569291620451,-0.018065895754578398
2020-10-13,0.0002033010214474995,0.006594249690264009,0.0016123565353922675,-0.015308244779441593,0.012987000923330161
2020-10-14,-0.02320804633328577,-0.008974207970220416,-0.002290604660757589,-0.00756290758880529,0.007478702036981089
2020-10-15,-0.007450124679229342,-0.0054333541985445155,-0.00570758597947596,0.005080360690960406,-0.018557813899413356
2020-10-16,-0.019750480983333984,0.0,0.008902403801699599,0.006318436095974933,-0.033495452812906445
2020-10-19,-0.020013994757188014,-0.024765447843959842,-0.02441181186112351,0.006278848330198761,-0.03353820539917218
2020-10-20,0.003055630578442159,0.002007228910619885,0.013892825253897234,0.01247917341500604,-0.02834017654832799
2020-10-21,-0.009968905369278414,0.0006988001925498644,0.024024219336634234,0.03122424760547937,-0.06488090764367727
2020-10-22,-0.0026813815078501335,0.0004190017208434149,0.013820221206895633,0.01752992850115298,0.021642215027879663
2020-10-23,0.008815010974952964,0.006235705360709609,0.015891517302142777,-0.001566225051850445,-0.0031152174104217556
2020-10-26,0.0008239098736768646,-0.028441885766896213,-0.03080441732365935,-0.025490115489229526,-0.050000011920928955
2020-10-27,0.024723744666960368,0.015089474638887657,0.008683114224106392,-0.006438612147465772,-0.0006579098031133102
2020-10-28,-0.037595142877010046,-0.049566263479395856,-0.05462955762466537,-0.02632644349970603,-0.04937458990904564
2020-10-29,0.015249236438195313,0.01006512512665969,0.033376848043781715,-0.00041605054729643154,0.023545717622442286
2020-10-30,-0.05445641928554379,-0.01099058678936704,0.034308733739756736,-0.005409903763752388,-0.0006765409599577277
2020-11-02,-0.010430948040659138,-0.0006914385839374981,0.0030968467196423877,0.016317990047029385,0.03926878170143766
2020-11-03,0.014621475904715853,0.02026393852513042,0.014870532035057726,-0.0008233712888560119,0.06514657818557357
2020-11-04,0.06322968549417451,0.04824879179570596,0.05994391397874921,-0.0012360746816877377,-0.031804308601302234
2020-11-05,0.024941715337338577,0.03188683066642328,0.008141184585835903,0.04496695903996484,0.05306381280077943
2020-11-06,-0.003199844314418998,0.0019256957670694685,-0.0009186926859781064,0.03197787057053825,-0.06478703771824812
2020-11-09,-0.0506225885421413,-0.023824371914072384,0.0007095217823187561,0.023335905724283013,0.03656187872003325
2020-11-10,-0.03458300337841225,-0.03379270851324678,-0.012824722264074051,0.02392523721516726,-0.0674505051287142
2020-11-11,0.03372955446359316,0.02625466445759317,0.007078842205119784,0.0010952731980633512,0.07232914231327103
2020-11-12,-0.00864089711813687,-0.005125878641232373,-0.0016374615202462417,-0.03610498482322322,-0.008663328649155755
2020-11-13,0.005957672338932074,0.004966658728183138,0.015532879715772108,0.020809589606408885,0.00998750579526786
2020-11-16,0.0007191232314727181,0.0033254678788718905,0.002453537553680718,0.021126805719608788,0.05191595406331273
2020-11-17,0.0014691042105692276,-0.012751382833753988,-0.0063040903333192455,-0.006896444463721063,0.015276158747882906
2020-11-18,-0.009631130932040155,-0.013183868248826003,-0.013202268053479349,0.010233757857678105,-0.02141208475294487
2020-11-19,0.003722494812092192,0.006348337915740299,0.009812348642053603,-0.011215601216210347,0.07392075761557737
2020-11-20,-0.005652872640243722,-0.009556542598800344,-0.012319210620487908,0.0010978250036766113,0.06222472894328046
2020-11-23,-0.0003258726842125803,-0.001330862248501985,-0.0042073231399619715,0.008771865974152027,0.11871430272122963
2020-11-24,0.006348512194266798,0.017847779968913402,0.019609662922945414,0.022101396090166148,-0.07367934004676446
2020-11-25,0.021490929778898105,4.6790479514502437e-05,0.0014416177587432966,-0.007089574296806123,0.014007038011579098
2020-11-27,0.0032244249924899826,0.006358953995503791,0.01228379729119311,-0.00678340093489016,0.012333497501439306
2020-11-30,-0.00854370679715255,-0.0053894933927789435,-0.018096215254490677,-0.033429246402102986,0.00048734057791177676
2020-12-01,0.01642657239833989,0.009996712754368975,0.02121834317319582,0.04871713846986658,-0.028738438034815905
2020-12-02,-0.005139638899216981,-0.0038851843553172616,0.01660084310729748,-0.007446906178355528,-0.04513538587890553
2020-12-03,-0.005244230169371145,-0.005246745894285976,-0.000645494500475019,0.007145513759657884,-0.0357143000251241
2020-12-04,-0.007578270669860054,0.0005600580180380454,0.0006678293874331498,0.02554085826577679,0.04738556116355741
2020-12-07,-0.0014482093771094329,-0.00032648167764537384,-0.004655391884576976,-0.018678507233541364,0.01040045593865857
2020-12-08,0.006108308759499748,0.008026488549047084,-0.0005110974842302829,0.010574526687611607,0.08800818618706585
2020-12-09,-0.023003908044917143,-0.019489805197595467,-0.018927190905464908,-0.000348861359184105,-0.069063345630349
2020-12-10,-0.0008729981895905237,-0.006043428942154927,-0.00493240335852263,0.009420789117342343,-0.0010162834071913984
2020-12-11,0.004813793269568656,0.013015279864001972,0.003627530451226324,-0.009332866153450192,-0.03204471849726542
2020-12-14,0.013011740986345721,0.004407860128397445,-0.012184491095664218,-0.005716668954850346,-0.031003685302120276
2020-12-15,0.002581635732999965,-0.00032679750323827417,0.004380510142171001,0.003879945744858171,0.05151837462456843
2020-12-16,0.023961126574049585,0.02405072633606853,-0.002698325844735616,0.007378860449442914,0.012893244346024346
2020-12-17,-0.001505690558142092,0.000638523715731365,-0.008564932266555636,0.041157983676165966,0.042769866532206935
2020-12-18,-0.01063946965156648,-0.0037827414039639518,-0.00966303244609168,-0.004355097063277968,0.03417972551687942
2020-12-21,0.0014149046382487818,0.018299066023084842,0.0048295418884922725,-0.02254378894305198,-0.018413568651041712
2020-12-22,0.00010607261534789636,0.006065024560931942,-0.009123990388323455,0.011704028058417748,0.09235200021137713
2020-12-23,-0.00662712219807271,-0.01303922176811878,0.005152309186430282,0.005103804690929747,0.03390578990776527
2020-12-24,-0.003949454221419901,0.007827359027591685,0.00373472949635123,0.006431928413233701,-0.001277631170431337
2020-12-28,0.03507119245378609,0.009921489856352217,0.02141644808766574,0.009081798725524282,-0.025159920400528613
2020-12-29,0.011583587959349106,-0.0036007588076920616,-0.009779907240883956,0.00033328621340489306,-0.034558219354097974
2020-12-30,-0.010881969399081926,-0.01101933301517255,-0.010917002986097324,0.012995632244234168,0.06751245091623592
2020-12-31,-0.008801425858182998,0.0033381264620908624,0.007105399887776587,-0.006249972843951235,-0.0067911651544559914
2021-01-04,-0.02158475936039328,-0.02126606181267643,-0.01349408326058199,0.022178066464043855,-0.03717944213964086
2021-01-05,0.01000433941986012,0.0009646749080973738,0.007336975062831375,0.03626942568640423,0.024411860643508865
2021-01-06,-0.02489665301956301,-0.025929345447181285,-0.0032339250170579925,0.0015624668727065583,0.0532928746231478
2021-01-07,0.007577167259804174,0.028457009384695864,0.029943098714248162,0.013416577361858861,0.15713697156496975
2021-01-08,0.006495572530611948,0.006092814773062782,0.01116797366764577,0.00030796150739953454,0.025239993352418555
2021-01-11,-0.021519461867323342,-0.009698524001819697,-0.022404696249776368,-0.014466038847750662,0.004160850598122989
2021-01-12,0.0021257774108163208,-0.011770781825174437,-0.011416592447852758,0.0046844101482719225,0.1864641469817656
2021-01-13,0.014438406874172749,0.006560309342951154,0.004494560915219381,-0.00031074252782425926,0.0646100460206136
2021-01-14,-0.012135583731155308,-0.015346098990335011,-0.008105318345440704,0.01554724549245945,-0.05549487403991227
2021-01-15,-0.007424522352137752,-0.0017369887254246041,-0.002292930720691033,-0.02694420653509555,-0.10767002591896391
2021-01-19,0.005318518085084989,0.017822751468147935,0.03148851553709142,0.002202646778255213,0.1631527959485266
2021-01-20,0.04570036548808054,0.036499705257458936,0.053627888192301354,0.024489791045391396,-0.016731798064865577
2021-01-21,0.013363478659520922,0.0028082385444003766,0.0023053556254462038,0.0015322996725026794,0.010493555422436573
2021-01-22,-0.004463276214688228,0.004356069458606671,0.005181783914408378,-0.032741705291154166,0.04041534054282181
2021-01-25,0.0005376354452000243,0.015844181278538594,-0.0008679542209210078,-0.008225222462276305,-0.04504985656038407
2021-01-26,0.009754062784608442,0.012198914020498774,0.009392421602087753,-0.004465780775265382,0.05395479562383132
2021-01-27,-0.028125722080460824,0.0024534362109902563,-0.0450908345393457,-0.038128740889784574,-0.07879931206625201
2021-01-28,0.0015591381932364978,0.025890912037511704,0.017653551526647382,0.0166555423052841,-0.01076517146881606
2021-01-29,-0.009704710521418303,-0.02917178159369671,-0.01469048812597229,-0.019331608168867698,0.004999946145450407
2021-02-01,0.042629883888142484,0.03315232072626251,0.0357403475985647,0.019712686092361098,0.03980101501988287
2021-02-02,0.011104233023254695,-0.0005841855064347978,0.013758663326369325,0.00425949021331018,0.02758231285972812
2021-02-03,-0.01996152979382393,0.014571459324389746,0.07396073580499052,-0.002283853689190596,0.015338301808705657
2021-02-04,0.0055757896652322,-0.00407410274436748,-0.0037196572664700556,0.0009810910745842172,0.029134120311457012
2021-02-05,0.006349415293830596,0.0007850372236466452,0.017276182638395365,0.016007800761010937,0.013892496935743237
2021-02-08,-0.008713799140389611,0.0011148180466327151,-0.002426162006970878,0.010289350746562453,0.05972082096860576
2021-02-09,-0.005398816025142472,0.005361472042467508,-0.00449130767137329,0.006365492224349012,-0.0021956611100889534
2021-02-10,-0.005573350037821445,-0.0038970364673632796,0.005697055925452554,0.012017593372383395,-0.13276283869427297
2021-02-11,-0.007439403492778718,0.0068774341043265075,0.00024339728075495337,0.0012500735640899041,0.03411330822752845
2021-02-12,0.00477604469616244,0.0020452274578486307,0.003922064261514535,0.011860122339016455,-0.018811303734139306
2021-02-16,-0.002672600648020551,-0.0052656663612419274,0.008454783264014942,0.013880334860948862,-0.06223955470963516
2021-02-17,0.012141495586991624,0.004359635546185681,0.0030209512913024206,-0.004563395672951054,-0.048888934100115744
2021-02-18,0.0059208885000054945,-0.0016789729193568137,-0.005220154543279176,-0.011308121492990875,-0.0604360971628396
2021-02-19,-0.023535055745747435,-0.011567312910775174,-0.007585518120223234,0.025038566365575887,0.06763928799231689
2021-02-22,-0.02128062838473843,-0.02680825542153442,-0.0172573039490167,-0.020506575019632933,-0.05900625716958707
2021-02-23,0.004326040420742139,-0.0052876171704294705,0.0028961610111817304,0.0046182518889754665,-0.018151790459051576
2021-02-24,-0.01094693088218035,0.0054871826593210216,0.01173899403730827,0.021452624750893268,0.012773081034171518
2021-02-25,-0.03240042545513688,-0.023705024255483265,-0.030455733378576322,-0.03030295206184741,-0.09492196424376409
2021-02-26,0.011700408405057594,0.014804138994669813,0.002707545703204417,-0.028155985177116927,0.020168655219217735
2021-03-01,0.01720373953291432,0.019623056982728038,0.021921008186704505,0.03279205772870175,0.07081240986029314
2021-03-02,-0.016404185777943225,-0.012956870572633727,-0.002723946485195361,0.0015413977420635216,-0.053037992027423764
2021-03-03,-0.02893170479822993,-0.026980802362996603,-0.02366758751780773,0.024007319318191778,-0.09358381692048856
2021-03-04,-0.00912809705178863,-0.003647430878562008,0.011042589904069144,-0.0318606047711264,-0.07782556882552372
2021-03-05,0.007687440447282867,0.0214793185010409,0.029012853814091688,0.004036127124801059,-0.05089061776175141
2021-03-08,-0.016167524445308,-0.018177870365548743,-0.04001346597843125,-0.008348851698719573,-0.054959767129597825
2021-03-09,0.03756843724276204,0.02810146540072478,0.014094619823023846,0.029622758641864255,0.11063830708241396
2021-03-10,-0.0017010969887530925,-0.005817446324715481,0.0011351284554128593,0.028164646801854376,0.0
2021-03-11,0.018298490756975427,0.02026513142101405,0.029070130062680777,0.01590585514485654,0.11238822543090943
2021-03-12,-0.007740292387870884,-0.005819724448752561,-0.02499094330265028,-0.012467360348713319,0.008802198889095392
2021-03-15,-0.0025279442945072006,-0.003987202843928506,0.002216414086158691,0.006458981612197601,0.013277635281375932
2021-03-16,0.0033034500684925305,0.012350356308152843,0.01259625230215744,-0.004083904528456528,-0.03444396108123182
2021-03-17,0.014188828576547685,-0.002818537843209623,-0.0006881374576156452,0.01581733343478664,0.0011631941927854328
2021-03-18,-0.03435882263633849,-0.02666216457648929,-0.026235297249384226,-0.012687480761548908,-0.05073584358736383
2021-03-19,0.015511930638677285,-0.001603648627330867,0.003427910819644664,0.0017523225872744241,0.01631985372480438
2021-03-22,0.011678251654064331,0.024484504929330075,-0.0022562575674096585,-0.007288649980611184,0.0216780778336072
2021-03-23,0.00856026828808143,0.0067376173848663345,0.00704898746590521,-0.021145384236687104,-0.07269156487270978
2021-03-24,-0.016073284985059777,-0.00892332444372157,-0.003848054757065178,0.001200070541522713,-0.0639830595116202
2021-03-25,-0.013219673570752044,-0.013250705749152436,-0.00034232405021339396,-0.01138730480321859,0.02037124308877547
2021-03-26,0.0018941323172521063,0.017818655130704242,-0.004309386109375701,0.018187244887281073,0.009316729190014916
2021-03-29,0.007765307334585803,-0.005243504165003854,0.010021813197614193,0.0002976655773712089,-0.0654944954337654
2021-03-30,-0.006645557814257463,-0.014410813197483052,-0.00019937844748674216,0.008630924230320414,0.07196616510695009
2021-03-31,0.01269602511269352,0.01690745258880244,0.006368080164456558,0.010622637422495362,0.06801224988124055
2021-04-01,0.02162837424542463,0.027908572694719025,0.033413477085386,0.0014598814822122108,-0.007806102418508654
2021-04-05,0.02079404633620685,0.027728514406584415,0.041071242581277145,-0.004664763994379539,0.02567291300318164
2021-04-06,-0.0009018145698550528,-0.004858080652365482,-0.00035948363800952787,0.00468662599859293,-0.01332256429582035
2021-04-07,0.017237259847144637,0.008230375031574866,0.01120572272867748,-0.0017492573241544296,-0.048281517160011056
2021-04-08,0.006071298900768296,0.013405439491313231,0.00700544532756342,0.019567680157524414,0.034823708425273825
2021-04-09,0.02209556610943686,0.010266481077598977,0.009022504208856752,0.003437383552612694,-0.031990048505453283
2021-04-12,0.0021321219116177126,0.0002344889892689217,-0.013600821278390018,-0.00542395617780711,-0.04206006756762293
2021-04-13,0.006098765776372694,0.010081684626015441,0.005534874756648822,-0.0014350442846325917,-0.009856600195451981
2021-04-14,-0.01970588235294113,-0.011219013054877491,-0.005482334055294746,-0.0017246199565795761,0.001357410804482484
2021-04-15,0.013828409208108239,0.015297915276482943,0.01854669182233315,0.017564119408352008,-0.06778129493376983
2021-04-16,0.006022287949217775,0.004778535820108454,0.00047899893686897954,0.009620825490022966,0.038293792906678226
2021-04-19,-0.008068956096714541,-0.007670417705371468,0.002019311224150888,0.0033632020375753413,-0.05415498801495855
2021-04-20,-0.011067603076886812,-0.0018551964585510339,-0.0038090774423341633,-0.007821241792358435,-0.046396866902182476
2021-04-21,0.008195687936574547,0.008983250397978981,-0.00014816852210841613,-0.0022522720485905756,0.03881987638959039
2021-04-22,-0.01575837745193942,-0.013086300489852265,-0.01106275994547612,-0.028216783449773852,0.012954670295729276
2021-04-23,0.009622078721966965,0.015476153446761787,0.020891446164445604,-0.004645802048201975,0.07771765517144336
2021-04-26,0.020389873200156394,0.0015316515600496405,0.004941018945704423,0.014002458796362083,0.02190778391507031
2021-04-27,0.002472845890473696,0.0016058863994172778,-0.008432344451559715,-0.024453509360309322,0.005806211329123068
2021-04-28,0.012017823095398006,-0.028285731935497327,0.03155006728067966,-0.026835553335409212,0.008436883785385652
2021-04-29,0.0037039348254301885,-0.008053152839188948,0.021000786716523834,-0.02545464645771811,-0.025539407621668064
2021-04-30,-0.0011206537742485256,-0.001306870286300943,-0.008136078696820759,-0.008084492980014346,-0.011748681942751471
2021-05-03,-0.023340101131120616,-0.0012689301757171645,-0.006203091375356906,0.029466997476017553,-0.07361685178645827
2021-05-04,-0.0220345765858031,-0.016159806651810493,-0.017084350258943948,0.010353288786729253,-0.1974333640084447
2021-05-05,-0.012479377711858586,-0.005327056353139237,0.0010576575276095568,0.012959652564368707,-0.04120541616622231
2021-05-06,0.010955401156094835,0.013226814129189801,0.010442436384094922,-0.009223570659160796,-0.028223253993014175
2021-05-07,-0.0044641129826628045,0.010931761298089704,0.007281518062827397,-0.0006005758749157986,0.016501650580520222
2021-05-10,-0.030720563459048722,-0.020914187267872975,-0.0237754902425783,-0.009915787667079012,-0.0662337356724364
2021-05-11,0.010474855579329034,-0.0038433425305283153,-0.014049820887147346,-0.025189826111246427,0.022253107946978545
2021-05-12,-0.022323815697454008,-0.029362731466976433,-0.03018067332502805,-0.015255194923579185,-0.02108839931732487
2021-05-13,0.003023544063032846,0.01686191267779935,0.010222900378486166,-0.008536132656727813,-0.038915942060873565
2021-05-14,0.01943081294773852,0.0210672778459311,0.023956967646836302,0.03794636147753194,0.0585683603821483
2021-05-17,0.014735173810343838,-0.011968549956820174,0.0022666828713129306,-0.10353303110042755,-0.023907129321165677
2021-05-18,-0.011653003015859698,-0.00856509593374244,-0.0077452846112870954,-0.005825908062254581,0.05808257004350792
2021-05-19,-0.0001484959423068144,0.0024740252347537073,0.0022922465425785354,-0.022406074625930694,0.017195782463606868
2021-05-20,0.004913634065405237,0.01382032417026502,0.020522338342528368,0.0007051895543594977,0.018205444140945604
2021-05-21,-0.013732835271453192,-0.005314885945957304,-0.004664503403693732,0.0,0.04661555232115555
2021-05-24,0.013084253620630149,0.022882174984129255,0.026254667884020977,-0.0007046926124900654,-0.00854175685551628
2021-05-25,0.004332851144707162,0.0037482926073377776,0.0009972894340679606,-0.02150916351237886,-0.007384667029747605
2021-05-26,0.0018747374816925344,-0.0009137125165079585,0.01015327916724229,0.007927961765657576,0.04091765586486096
2021-05-27,-0.010734483342611179,-0.008668312682462598,-0.012746922847799325,0.013228450032903405,0.019654550667765003
2021-05-28,-0.0021795043600291164,0.0014839764585412585,0.0037669140987295346,0.03775585398002135,0.01168217557165585
2021-06-01,-0.0013714148069622345,-0.0091316246400438,0.007567715319784396,0.020741239060372507,0.0023095217224107234
2021-06-02,0.0047660007630698775,-0.00040422480680990525,-0.003510574526887855,0.007661542793813814,-0.00864064058785008
2021-06-03,-0.014526940593698412,-0.0064293142521979485,-0.006884755861898739,-0.037355319563909695,-0.021499067493768176
2021-06-04,0.006027580986139647,0.020674618963711255,0.019608127820065713,0.006181200817104271,0.009501178501326812
2021-06-07,-0.0025606355810015025,0.012041952133648781,0.005844812733677651,-0.00989757893733123,0.06470590479233684
2021-06-08,0.020669134072252016,-0.00488547290032848,0.006796187149821664,0.002413034054010277,0.017679540777901126
2021-06-09,0.005220349302289318,0.004038439767915625,0.003443544455451031,0.016849957970938467,-0.016829504053115785
2021-06-10,0.02087682734369123,0.014393276500445307,0.012121777513152132,0.006776057191281826,-0.010491470328775954
2021-06-11,-0.0008418265493289612,0.002526895510218674,-0.0030417852627599995,0.006491264053341217,0.016741028782550682
2021-06-14,0.01106720036508424,0.007755291897346472,0.005214985213736423,0.015275044237762936,-0.021405016703957003
2021-06-15,-0.0002187537787695648,-0.005887247505691362,-0.002524743120212669,-0.012704799023514401,-0.040381341359245315
2021-06-16,0.009494201612146647,-0.003793069895207668,-0.0026699279964024214,-0.008127329291668817,0.00526009055390908
2021-06-17,0.021664589776553722,0.013676321880862874,0.005366096351608007,-0.012632324708095943,0.016860406704374498
2021-06-18,-0.0006706583373956576,-0.005634448077392107,-0.006358193222924524,-0.02489626979494408,-0.032018266053218
2021-06-21,-0.009446770004527316,0.012334786438088496,0.0070679114061258375,0.0010638735827637191,-0.0005906809628809517
2021-06-22,0.014904625719742493,0.010966055671321806,0.0043058369212893854,0.019837055373250534,0.0650118425833166
2021-06-23,-0.0004621026387419125,-0.0009039447436463011,-0.0042362410115766025,0.010072900568337984,0.02164258489130133
2021-06-24,-0.015622945575514802,0.005353014783767707,0.006488105959559176,0.018913354160891238,-0.02770234834920582
2021-06-25,-0.01380661396919125,-0.006261864365520231,-0.0022548319780461012,-0.014174874856674013,0.011173227217972093
2021-06-28,0.01247403530480784,0.01396112673041694,-0.0013819480690503427,-0.02293726242657068,0.032044194004539506
2021-06-29,0.0012340696516339733,0.009973109648006018,-0.006315975094168813,0.010861889126893676,-0.02087791131033212
2021-06-30,-0.002314285590885201,-0.0018422823536065058,-0.005574597449918839,0.004506024037220779,-0.009294700261585187
2021-07-01,-0.0020900020900020966,0.0025841143029241564,0.008398787167635868,-0.005520982319725087,0.005518679331657506
2021-07-02,0.022723767009720452,0.022275322387988572,0.01860026962624417,0.0020818366917503273,-0.0016464753253249143
2021-07-06,0.04692707183811051,3.6040557788385996e-05,0.008172857161824032,-0.04709135423481392,-0.002199060712090084
2021-07-07,0.005669630590300789,0.008175384279653253,0.0023619017876292947,0.0036337035748448265,-0.08374658345512165
2021-07-08,0.009422177593415348,-0.0089664694111381,-0.006922799649285105,-0.013758166286440665,0.0030066835196926878
2021-07-09,-0.0032346551311825955,0.0018744456659709474,0.0030771542347607372,0.021659301346041326,0.01858509953661036
2021-07-12,-0.00021241377336589373,-0.00223063689995584,0.007636548525008946,0.000359315705087182,-0.0017657849940944104
2021-07-13,-0.011076882350751438,0.013197573997342449,0.003297181146660888,-0.014726935103907213,-0.04540086037622448
2021-07-14,0.0011747079678248173,0.00544535905657173,0.008305696291767362,-0.0043748803376577605,-0.04508959060100093
2021-07-15,-0.013711126824176523,-0.005238873600344918,-0.00617789064488472,-0.018308226363327185,-0.016170763220125117
2021-07-16,-0.01585428209228623,-0.000996234058316392,0.004410810694190914,-0.003730007137523028,-0.003944800753860389
2021-07-19,-0.006726996278348607,-0.013321477248102509,-0.01965551941928656,0.02396106834705125,0.004620504967730588
2021-07-20,0.006648613764202116,0.008338952287186618,0.014293542194126374,0.016453412466494566,0.038764792525399105
2021-07-21,0.0033611450727688563,0.007446671729065768,0.011433881433001503,0.014748124421153141,0.04680574306156715
2021-07-22,0.014735601596706394,0.016844444410508252,0.005490197450286782,-0.017369652968949323,-0.026586020966314683
2021-07-23,0.005115368243633345,0.01233657532137844,0.03365746922045787,-0.026695584671053707,-0.021725659106730966
2021-07-26,0.01180870335875639,-0.0021404147693387943,0.013267626150731182,-0.011119295602181278,-0.010152274434545583
2021-07-27,-0.019846958615425736,-0.00868356271697357,-0.02039463177150891,-0.007496290131791095,-0.004487220947871573
2021-07-28,0.0010837708844528837,-0.0011168736621565145,-0.0030337212704668604,0.012462303447365652,0.05730845837899312
2021-07-29,-0.008373957643385888,0.0009784912103090182,0.0011659117687810028,0.027974613170105966,-0.021924519407969245
2021-07-30,-0.07564885883420802,-0.005549791486405553,-0.009663849243451095,-0.007619766885467727,0.006849353300716787
2021-08-02,0.001168981898425736,-0.00031588414593419767,0.005683332334293523,-0.0208409459575446,-0.02040815845077526
2021-08-03,0.010433804185950413,0.008075265396350728,0.00213621585133561,-0.008588436323836546,-0.013257578038132989
2021-08-04,-0.003422221696810168,-0.0021245724502404473,-0.001845475901325444,0.0026365444703342344,-0.026231595931551
2021-08-05,0.0063403263810397625,0.01050566803610331,0.006700794322766157,0.0011269446281085838,0.0006569825908071536
2021-08-06,-0.009197316614664941,-0.00020716557523059453,0.0007010084127250238,-0.00375232734594666,0.017071584812645257
2021-08-09,-0.0009177516704408362,-0.0039039820829331884,0.0070492675522841886,-0.0018833413374599317,0.060038755256137
2021-08-10,-0.006340816609805455,-0.006554778405885031,0.0006847337543578469,0.027924590729711207,0.0066991845213431045
2021-08-11,-0.008603606733225466,0.0017804846240176975,-0.002947175627040499,0.015785657395497976,-0.03690263672187133
2021-08-12,0.0034597544451648865,0.009966898950231284,0.0050839024767357355,0.0025297537987907237,-0.010050241623450806
2021-08-13,-0.0028848279996595005,0.010489520858828039,0.00011925692351710815,0.008291286619512395,-0.040609158250511146
2021-08-16,0.0015240028220957491,0.005975857798629081,0.003684793556660626,-0.03503752910455171,-0.007936500427734305
2021-08-17,-0.01728711801663374,-0.005159640442245372,-0.011629350758290968,-0.007039691096654588,-0.015333302815755179
2021-08-18,-0.01256646927329541,-0.006119156501936285,-0.00532048585763234,0.005223973523820646,0.03656059208645335
2021-08-19,-0.004207761674111521,0.020775116226968704,0.0025152366673240056,-0.0033407485353958988,-0.018941865049294848
2021-08-20,0.003827135494274936,0.02557539819774801,0.011127452912164326,0.008193541257252246,-0.012649835437215873
2021-08-23,0.02060037407506443,0.0009529405215937814,0.019232575174201294,0.011082545285564294,0.09170604297695073
2021-08-24,0.012220299851894989,-0.006663428526606063,0.009206262445527802,0.0,0.03088326025364796
2021-08-25,-0.0019965326179472997,-0.0020156475396799767,0.003872944381555943,0.00986464554602784,-0.025763947957839983
2021-08-26,0.005098257357248892,-0.009668578484326451,-0.005785253257257761,0.0025326422244196234,-0.010455109096000004
2021-08-27,0.010141701692551353,0.0021063256555853282,0.017080292948827402,0.01118730776763277,0.017402155623999382
2021-08-30,0.021477055096747133,0.012912011894845588,0.006357599160990102,0.006780775319744636,0.007330416965964259
2021-08-31,0.01438520027933432,-0.0056324411819912434,-5.152363529292714e-05,0.013116015565956651,0.018799240160411568
2021-09-01,0.002365444421903895,-0.00016572680387993977,0.002612399692621281,0.0,-0.00952380087370197
2021-09-02,-0.00456449635311873,-0.00225295888634236,-0.011128551480379278,-0.007697709097275629,0.013822203006091494
2021-09-03,0.0043111215133797565,-3.3062939527317425e-05,0.0038552887065128605,0.008110024183884068,-0.027860177671720998
2021-09-07,0.008982041602564328,-0.003188084902738808,0.005138968334484462,-0.016089630457915005,0.033536655926975634
2021-09-08,0.004619156797262214,9.991758585226052e-05,-0.0043671140707644,-0.03341616761147548,-0.08731565954537368
2021-09-09,-0.011726021242554285,-0.009859625225047242,0.00020709662329720935,0.0,0.014867455608680524
2021-09-10,-0.004308071427335136,-0.005180862255356633,-0.02065028353221887,0.019492417878441692,-0.02675159754117251
2021-09-13,-0.003453289943065374,0.004328559416471256,0.010879337026610925,-0.009018751746210585,0.016361256830427218
2021-09-14,-0.002073928107968581,0.00942804338210057,-0.00041122629928747045,0.0014561700271371603,-0.0012877980961516489
2021-09-15,0.007475373641304239,0.01677835236706482,0.012551775563466316,0.01308611648271607,-0.021276590511684734
2021-09-16,0.00358190541774861,0.0013122229203010871,-0.005733284372720693,-0.008252682174658355,-0.001976329778812902
2021-09-17,-0.007373337492583731,-0.017528382442910106,-0.02015603686354628,-0.013386284179030539,0.045544590853564326
2021-09-20,-0.030841710216871765,-0.01857476488709542,-0.017294189420892225,-0.02640264383608204,-0.04924240691018922
2021-09-21,-0.003605801934802755,0.0016989119884474047,0.004528166825646052,0.013182648239388639,0.0026560398896751103
2021-09-22,0.010892403553048213,0.012822282183739153,0.009251964253699008,0.011152436479375138,0.029801311118995866
2021-09-23,0.010635922738581716,0.0032822175592688296,0.006300623904244018,0.005882281451031757,-0.0006431015279211305
2021-09-24,0.002786890963480726,-0.000700972955371082,0.005686484065355879,-0.013888909865023225,-0.051480063880223415
2021-09-27,-0.005756781624596474,-0.01730409137912825,-0.007936414881430487,-0.010748659708552655,0.03052915985432203
2021-09-28,-0.026378556169654566,-0.036203645401235995,-0.03757573697596617,-0.02210563418129896,-0.051349555926156865
2021-09-29,-0.004475278328090693,0.001692946032982423,-0.012211423735677629,-0.0019157374084990408,-0.0444135597796953
2021-09-30,-0.004871097553002746,-0.007323772762935388,-0.009333064729817542,-0.0019193389678759942,0.02033403948169976
2021-10-01,-0.0005418592393726662,0.025468107242966775,0.023989682251071898,0.011538406524891132,-0.0007117600531016954
2021-10-04,-0.028471695872610225,-0.020719516740305144,-0.019767317457863864,-0.020912486366512772,-0.055555536687355245
2021-10-05,0.009787499581908943,0.019957040976207985,0.018031618642367242,-0.012815526264913335,-0.0030165883229702484
2021-10-06,0.012732073817331546,0.015064210021516589,0.008643177160928772,-0.02281674092559971,-0.010590040884637553
2021-10-07,0.012391109087339647,0.0059364680022222505,0.013334115413738301,0.0028180458865798563,0.037461756420203995
2021-10-08,-0.004181713083694194,0.0,0.006254299655606532,-0.013649119705557156,0.007369225034534743
2021-10-11,-0.012868639992255515,-0.0021027418560964906,-0.008628750287186349,0.0008140610160554118,0.0065837711840226465
2021-10-12,0.00031729331281216133,-0.004588257393066009,-0.015372960318652762,-0.010166805580628324,0.0857557653977854
2021-10-13,0.011378563399138564,0.011711334098133186,0.008682418698143568,-0.01725552935393926,0.07898268353363802
2021-10-14,0.004743833651826401,0.021733900055594946,0.025467726698468196,-0.011287678688195024,-0.026675014668953723
2021-10-15,0.033080163569315646,0.004822422915611302,0.0018598173365016457,0.0021141965666167106,0.005098845093685966
2021-10-18,0.011064754823091771,0.010124660397274221,0.009073570120875285,0.014767904113981434,0.0069752475259499125
2021-10-19,-0.0007514601907784302,0.00305907657820903,0.006026133338980388,0.003742194318874681,0.049118370739926975
2021-10-20,-0.00844616075804494,-0.0026604156275712443,-0.009782888970860215,0.0062138461998686445,-0.003601408552936003
2021-10-21,0.005841757049534824,0.010897474483928082,0.0025664636690077014,-0.0028819358936139627,-0.018072357681633844
2021-10-22,-0.02895478052603584,-0.005148660993231635,-0.029104150880355673,0.0008257437055321226,-0.04110424257544032
2021-10-25,-0.00455095304175035,-0.003331520200444138,0.0010676144048693548,0.03712878279428278,0.05374275065663503
2021-10-26,0.016775223606413814,0.006425707203628672,0.006478198468651941,0.017104190049513024,-0.028536692953799903
2021-10-27,0.004863619990854939,0.04211427617937091,0.04836692760749273,-0.03441526046458976,0.00937497615814209
2021-10-28,0.015941116489857077,0.003651234878635723,-0.002038541463723287,0.0048601484009302975,0.09659439645759882
2021-10-29,-0.021511280852630987,0.022413996182677254,0.014654802550988721,-0.011285735008286668,0.023150862561038377
2021-11-01,-0.01610702826146615,-0.006784827986073605,-0.030326307089415305,0.022013885268059363,0.05242819048517289
2021-11-02,-0.001615409750835517,0.011415741089291664,0.014529758364050238,0.007179878006904561,-0.039328789302684575
2021-11-03,0.02150781073126562,0.0026115579533743105,0.006355291952186759,0.0249505098943974,0.0005458640310274099
2021-11-04,0.027482269503546153,0.007305368206866669,0.012895927056191248,0.03593512034978508,-0.003818859526217966
2021-11-05,0.012076499923605155,-0.0011294320167158922,0.003753003564581636,-0.013054878194225017,-0.028477571262085055
2021-11-08,-0.008528017939495869,0.002767379239167589,0.0007404000532316157,0.004157265770823981,0.0901916799387239
2021-11-09,0.025007308866323186,-0.0030861181141569327,-0.0006896678552089641,0.02935636608911496,-0.1256463436403139
2021-11-10,-0.02633497626130865,-0.015329712384136829,-0.017571349690837956,-0.005850020673243361,0.005322303571851483
2021-11-11,-0.0027426512239072665,0.004927421847194191,0.0008320289000585124,0.012504580883200056,0.054705900304457655
2021-11-12,0.015161958918286533,0.012905022027535962,0.01974471609260542,-0.011986916242682444,0.018962640647013584
2021-11-15,0.005823874123260797,-0.0019303477118883805,-0.0017207007544441932,-0.016544147168658818,-0.02517794090288683
2021-11-16,-0.0014045205897774693,0.010235971393539378,-0.002088517890988295,-0.04373835298243833,0.0016844855443638451
2021-11-17,0.0023441830549288944,0.0006785880387669696,-9.392165574628741e-05,-0.03205628153011142,-0.0655829633568823
2021-11-18,0.04143704102388002,0.006339954518540969,0.011049074047762453,0.0048465673538637954,-0.036592717910003625
2021-11-19,-0.005273180068884109,0.005391651716987855,-0.005019568557828147,0.02291004067041924,0.01307602732282942
2021-11-22,-0.02828723458721094,-0.009559682237581302,-0.019166062430738817,0.11984275252054521,-0.013521893946729757
2021-11-23,0.0020909234977035673,-0.006326618745563062,-0.002185967232402608,-0.02175447564611399,-0.023675961297814685
2021-11-24,0.000103315338051857,0.0006811101996637703,-0.00026908254828739153,-0.01147769409485988,0.015315875555178993
2021-11-26,-0.021184684261735476,-0.024355582600822934,-0.026660070497802724,-0.036647276867737166,-0.036455055265157466
2021-11-29,0.016267379874351784,0.021081078223111227,0.023164261093656213,-0.027871999193658348,0.0
2021-11-30,-0.015302240010430346,-0.017942608833576457,-0.025062618742939913,-0.01975983463244002,-0.01108937228571416
2021-12-01,-0.01806353919979864,-0.0015426782678193973,-0.0058545795818698565,-0.018577011742235583,-0.06926122699889758
2021-12-02,-0.0018468003598886007,-0.001787517082813661,0.015241678401654468,0.0008055368314578981,-0.007087131837603344
2021-12-03,-0.013839128538398637,-0.0196666205390178,-0.008735821546486333,-0.0024145070277887815,-0.0556745663028273
2021-12-06,0.011086255399875178,0.009844874609848064,0.00895310510352676,0.011698217561875612,0.025699180978990377
2021-12-07,0.027986449842105632,0.026763507825734223,0.029486131736091714,0.007177093742671614,0.05305823752548977
2021-12-08,-3.693336389631874e-05,0.0001492876241107055,0.0046204590526215394,0.017814680583661202,0.011196630359638027
2021-12-09,-0.011279644190371751,-0.005582615033822513,-0.0041318430495544956,-0.018669781689941933,-0.06851209579140549
2021-12-10,-0.011247547674222313,0.028339872084438333,0.0038418032903084764,0.0027744071044288887,-0.022288275622929676
2021-12-13,-0.015356041602236248,-0.009166883161521255,-0.013253711824239067,-0.04175800894913917,-0.007598740802043036
2021-12-14,-0.0028071473770370226,-0.032586896799660536,-0.01181973788888746,-0.015260706681304193,-0.053598831581048056
2021-12-15,0.024977591644686603,0.01921793778506986,0.016541367565110265,0.028841986039039647,0.02912626378246541
2021-12-16,-0.02564120984943974,-0.029134939154820017,-0.01716788039655326,0.018828516239346893,-0.009433953069178047
2021-12-17,0.00678925816500775,-0.0033857114149518086,-0.014053570239617286,-0.006570869175486327,0.02142853142182699
2021-12-20,-0.017283520179806833,-0.012013542387582454,-0.0028115757834689115,-0.11037615025779568,-0.06216007753290753
2021-12-21,0.019978575465737336,0.02306900368792042,0.012773700571367064,0.01765792104159214,0.0389395425776482
2021-12-22,0.003638105947175063,0.018057448024570766,0.018918971305111,0.003652939692792234,-0.002392323210721803
2021-12-23,0.0001842077898126515,0.004471735771931273,0.001316823256102273,0.029117502766558223,0.012789755754178067
2021-12-27,-0.00817807593186548,0.023185635294904472,0.0062626131230072435,0.015472942981670679,-0.0055248377586982755
2021-12-28,0.005843737016006267,-0.0035042091855984614,-0.010914222241605764,0.0,-0.013492069138661078
2021-12-29,-0.008554957319630296,0.0020513475841845707,0.00038584581837830534,0.0060949216043928445,-0.03620279580782271
2021-12-30,-0.0032890251502314394,-0.007691181558907245,-0.003426529137787626,0.0003475513742239311,0.056761296423959884
2021-12-31,-0.011429310151015226,-0.008841197578023263,-0.009061475144276687,0.002605274170798255,-0.007898849052186296
2022-01-03,0.02211831968425737,-0.004668208915351579,0.002730138721725117,0.004330895660843881,0.005573223924012716
2022-01-04,-0.01691567564167784,-0.017147105354848202,-0.004535570397853461,-0.009918130413458681,-0.004750627004990737
2022-01-05,-0.018893055818083537,-0.038387902539643526,-0.04682983111591976,0.016986119884508932,-0.04455047569913362
2022-01-06,-0.006710944825601417,-0.007901893608852628,-0.0007446409924999342,0.012419657534946005,-0.00999166388610917
2022-01-07,-0.0042877968273413725,0.0005097429393248198,-0.0039730469291485715,0.0008460430744523517,-0.020185089811814994
2022-01-10,-0.006570157273454225,0.0007323821486500126,0.011455788522007904,-0.002535903057029998,-0.045493540800480736
2022-01-11,0.02400208694079864,0.002259274576106307,0.010416859364294373,0.03262713751344948,0.017086379137859486
2022-01-12,-0.0009373670085642827,0.010444983906746197,0.011644923721695566,0.021337650082386972,-0.007073463696925519
2022-01-13,-0.02416963744804934,-0.04232254062459073,-0.017769345294008754,0.008838940381598492,-0.015137945641071293
2022-01-14,0.005731506041917855,0.01771662845586519,0.0047113377784751,0.0015929513025270126,-0.007233352110771807
2022-01-18,-0.019862682380257457,-0.02433924244306296,-0.02500954039319514,-0.0075546933176741105,-0.02823310372190091
2022-01-19,-0.01647713926358152,0.0022467934238348253,-0.00468485303698607,0.022836603488797458,-0.02061858157973151
2022-01-20,-0.029632270005327976,-0.005703292678390093,-0.015816263539121134,-0.006267130556553591,0.0028707878965312794
2022-01-21,-0.05950186573380778,-0.018468155332009295,-0.025575458093425762,0.05281821840411682,-0.06011442636305364
2022-01-24,0.01332689790561914,0.0011485187176629719,0.0021522665984305966,-0.023586641046829504,-0.00507616129933619
2022-01-25,-0.03153362152864225,-0.02658838293239596,-0.027893252425030046,-0.009585889598594521,-0.03061226376490178
2022-01-26,-0.00795437392463827,0.028493171420775676,0.019761664514901023,-0.012001527946497337,-0.0010526556717721514
2022-01-27,0.005508667697745384,0.010549000049574708,-0.0009208166620873204,0.015282107470722783,-0.057955764383549546
2022-01-28,0.03108407791379464,0.028081722137836884,0.03228371826026177,-0.008876863897754883,0.029082801016271143
2022-01-31,0.03886354506668166,0.008823715273702737,0.018073415735910148,0.02453267730840425,0.13043476458082548
2022-02-01,0.010830844635475234,-0.007138736844299665,0.016065062667201868,0.0022805539532102514,0.027884612739438763
2022-02-02,-0.0038427963957353706,0.015222098670925055,0.07367352671848715,-0.025028507157981883,-0.0589335065945823
2022-02-03,-0.07812767462548764,-0.03895227263459222,-0.036382909422246756,-0.041618037064436786,-0.055666043365635964
2022-02-04,0.1353591361801154,0.015568484429637541,0.0025622267600633464,-0.002840896775899493,0.024210478130139768
2022-02-07,0.0018776771690005578,-0.0163103951918544,-0.02851431191074061,0.015872991228835565,-0.04624869788654784
2022-02-08,0.022021666900086334,0.011995308286678164,0.001979300112521676,0.016025702746429227,0.01077590348569002
2022-02-09,-0.001387734124359441,0.021834722346478763,0.016090468803557023,0.02326498968407198,0.05117265846269525
2022-02-10,-0.013561668152507589,-0.028372989006440807,-0.020151572813891794,0.014643512508458079,-0.033468553265372236
2022-02-11,-0.03591114306194887,-0.024274108376231562,-0.032268519541950424,0.0064565163990328855,-0.027282191237424036
2022-02-14,0.01222164321086705,-0.00013557323535573484,0.008722844066170854,-0.018490557400685392,0.0010786704114069678
2022-02-15,0.008658372039765272,0.0185423610813078,0.008318554976210368,0.024221420808256733,0.10668111565510907
2022-02-16,0.010159078536252864,-0.0011672706232822572,0.007784464839181382,0.006381384391472622,0.017526713094291324
2022-02-17,-0.021808900264237763,-0.02928210021259392,-0.037668907400672746,-0.024990678464767213,-0.04688993110638362
2022-02-18,-0.013261996697011558,-0.009630991658025057,-0.013914383923108176,-0.011476635197602447,-0.03413656137406462
2022-02-22,-0.015753474790048738,-0.0007293142792337282,-0.008162970866675612,-0.009287916784092132,-0.05717257767959938
2022-02-23,-0.03575622558807057,-0.025893271845625065,-0.01404536116784505,-0.008984356984729214,-0.02315325746557728
2022-02-24,0.04509513809073806,0.05109361646109112,0.03988322352889173,-0.01734333935760768,0.081264141639801
2022-02-25,0.016057991263501714,0.009233175785043679,0.013913826906892357,0.03931004934776783,0.021920672214967407
2022-02-28,-0.0014663026614428754,0.004978006116449052,0.002761746838905177,0.004245488653005447,0.16649643726172147
2022-03-01,-0.015765490945423122,-0.012851823113466998,-0.005359868549830171,-0.033051521722589405,-0.035026236064622074
2022-03-02,0.006024123145133675,0.01776568915920884,0.004348995814136947,0.018680417973167662,-0.005444683949575424
2022-03-03,-0.027319536604474837,-0.014224287880824193,-0.0032912869582437665,0.032774099886578645,-0.05748176206643818
2022-03-04,-0.015263813625875922,-0.02047860165311788,-0.016276011903101018,0.018511514311636335,-0.05711521364428229
2022-03-07,-0.05622043446640412,-0.03777679653220234,-0.042820236165342696,-0.03301184791808931,0.04517459388062228
2022-03-08,-0.01046540232590154,-0.010971272160968604,0.0064366004078002526,0.005753725365790885,0.13555992859246668
2022-03-09,0.024001131542944254,0.045858233157831885,0.0517565796509043,0.024408898312636484,0.007785397547291684
2022-03-10,0.054125178707027155,-0.010086667806271654,-0.008844730990927419,-0.0037230223081673453,-0.007725253378585761
2022-03-11,-0.008806888334778606,-0.019328369636382514,-0.01662994400104001,-0.017563501843592122,-0.05017308445734492
2022-03-14,-0.025229405319037612,-0.012961062548230262,-0.028622209198943982,-0.012552370466437757,-0.07923496555828513
2022-03-15,0.03886770715242016,0.03874255303317842,0.023035123205378927,0.018490041082939168,0.016815042736590735
2022-03-16,0.038933542208818395,0.0252133759562716,0.031081207796653354,0.03971252707457529,0.07003893830070251
2022-03-17,0.02700776892239687,0.002819343493211779,0.006806747963782778,0.015642062886721098,0.048181793906471926
2022-03-18,0.025512112046415014,0.017647826819102264,0.016352100984603046,0.008237805931512687,0.019080682751422495
2022-03-21,0.0014945902012022394,-0.004227237774633297,-0.0023610709196638657,0.026998232297720914,-0.024680847817278972
2022-03-22,0.021038243352827335,0.016379174476875313,0.027835878385938706,-0.00726389088830981,0.030541045401804467
2022-03-23,-0.00898183533296959,-0.01502995251237571,-0.012646354494217582,-0.015331028653692402,0.027942414223619982
2022-03-24,0.0014779197636882735,0.01539288797442917,0.020277437208751747,0.035031838750885,0.010708411100863069
2022-03-25,0.006868331567106312,-0.001381168757988771,0.0014825143727099643,0.018119681594718218,-0.03911984335802787
2022-03-28,0.02559273446288768,0.023116503228926222,0.0030278327202424293,-0.018468808990183216,-0.014419005669549345
2022-03-29,0.0019202233622190867,0.01515928957202517,0.009158154279675923,-0.0013684231544688341,0.05593808765974151
2022-03-30,-0.017801148282100887,-0.004914296606163937,-0.004226913585296699,-0.015073673381548747,-0.03259988241903411
2022-03-31,-0.01986460333112683,-0.017683005327206902,-0.020996219482420697,0.011130424167798969,-0.019376541234523814
2022-04-01,0.003450973226124532,0.0036003239529385223,0.0075224078278426365,0.016511852331453136,-0.006872845476499134
2022-04-04,0.029264484561530857,0.017936744722768072,0.02091332539312374,0.008460237105064161,0.07266428792581525
2022-04-05,-0.02549201668196055,-0.012985352008252793,-0.01795780710337569,-0.022483224612324992,-0.03709677841115089
2022-04-06,-0.032300136330633,-0.036605779413514394,-0.027555060492575167,-0.012701645813402385,-0.06532661309743126
2022-04-07,-0.006119508889150693,0.006243723262729484,-0.00518311169661323,-0.002086212290156042,-0.005376296304905104
2022-04-08,-0.0210667022752955,-0.01459997334762353,-0.017986328733516355,-0.010453001269483342,-0.03783784341080665
2022-04-11,-0.021613946729275413,-0.039431563480970766,-0.03144530858597172,-0.026408451058944515,0.008426980338593681
2022-04-12,-0.0022134240997150334,-0.011217878768427614,-0.010955589000923416,0.01265824181911257,-0.03621172950290985
